usu_codigo,usu_cedula_ruc,usu_estado,usu_token_dispositivo
U0001,3784583269,Suspendido,kah9pu3wqn3xb0u0e9bht0ln2vkwfpsi
U0002,9089648849,Suspendido,5gsrkrh55grzc5csfdeyegoktujya1c5
U0003,7515982608,Suspendido,vy03u7gc9f0ts9m3v8727m2tf9z6m2ps
U0004,7562515218,Suspendido,kguuj82ouxuyjbrvnsn2cr8va4z5xrcb
U0005,0798637010,Suspendido,57dmzpekluw0q0bzihfjd0girwpnf09h
U0006,6394446601,Suspendido,7x3l6in44aotidgg8u0s3lryrktwt0fd
U0007,3367212519,Suspendido,kuddxkyj8ny640w0e6yu8pj7qkk0s18z
U0008,6254140589,Suspendido,xavoufjzxdb42es3zt1hdihhnmjhf7ga
U0009,9597921725,Suspendido,tqyoqfvlr8mbxzl1m21kjrey648ijtqf
U0010,5305005807,Suspendido,r3ucyb5jll0lqd38d26w2c0ekkb2kqge
U0011,8222401114,Suspendido,nmavivxyc2klkzikcq0t0amoaa18kdi2
U0012,7894849363,Suspendido,vahe7pccwnpzunj5dhidd0wwmuwubhxo
U0013,9910236373,Suspendido,2c88jfffkk17jl1gutmvw3bwj60kumyl
U0014,3944730672,Suspendido,0on22rvwjyy3ls5kyg3d4wgba2v1fuc2
U0015,3373903671,Suspendido,izojd58eg0uyxkx82qhjgd4v1uuvla6i
U0016,5821142077,Suspendido,lyhu4zfa0q37yvq0i1328tekb423r4dp
U0017,1352480459,Suspendido,kyc9h25hpbd7lmempei9odf1r9c1ko18
U0018,6360015948,Suspendido,207s2lnmiw06p4zqdv2i10j8cppaxgu8
U0019,8977829772,Suspendido,6l1cxg02v5723g5jvbhfo2yy3amqc0h1
U0020,9844670326,Suspendido,phozit16eurjcarm1el6xoeneoaeed1k
U0021,0630667690,Suspendido,jt6sqmygx5hhmh5xbps20s4w8tlmhwp9
U0022,3774721389,Suspendido,y6u63zdmu5satj7arxl8dppz1xt9cjz4
U0023,5629908297,Suspendido,kw16l3bjtix1xrlgedvuwqu66swoqyhs
U0024,6312886288,Suspendido,yo0jesu5vt2go5gxg0j77mg9j5ngzuw8
U0025,3168424812,Suspendido,gzrc2wl67lc3k78pel3p4wz5uvilln2w
U0026,6589707668,Suspendido,mbkfnrurkudbl3rvz9ytphds5ptm8nsz
U0027,4772351139,Suspendido,z74uupr93kmo1pda5hsq95y3zmddjvtj
U0028,9386265654,Suspendido,v38k7bam5avzlnrwe4wgyib4ho40l5w2
U0029,8330189644,Suspendido,ab988qt0bi6rn8hi48v6ju4lo3h1u6d7
U0030,5074218727,Suspendido,fyxnvkbxgof5m62hv9tcwz6g8qhikh27
U0031,3807134465,Suspendido,svs6tbqtlhpok5vfbhojo56qozf73v7t
U0032,4582092843,Suspendido,0j5h196y2htndwd2qoauza99rxr5pnhf
U0033,4083909204,Suspendido,0t60bnlwfm7wpwnz7sn897chrcks6s0o
U0034,4172282031,Suspendido,hb0n2y6oa23x69lb78wxba4l3u4m1mem
U0035,6732950530,Suspendido,d619u8zolsuohmnymsf5arby50hpt71h
U0036,4696693737,Suspendido,cjzlwwmc62qy7i0g3dtq2p5vaopbsy87
U0037,1558762621,Suspendido,yhakp6lb022wuk0p5i5d7eme6sfwff6z
U0038,5399396605,Suspendido,dyaskqd3mpnnt6p7tb8uma9xro4eypiq
U0039,3302353279,Suspendido,43jl92tqw04ix5p4ra6z5f8feo4ue2wy
U0040,3318669858,Suspendido,gjx84ilr7tl8h0l186e5pnk690rj68uo
U0041,3635799459,Suspendido,af89njy4tgg0ogohckye0m4y8p484ls2
U0042,6732319446,Suspendido,2eet0ejsth4p535o9y1xymlnp9k33ppq
U0043,4809402824,Suspendido,neaknehyxm57wqwneer8r0tum37g5k2b
U0044,4565051995,Suspendido,rfaw5xnz34lgjp9kbe861tcoktebceba
U0045,0861674163,Suspendido,jocka4oi964biuqhgh3tnn2pafe86dn3
U0046,5092933680,Suspendido,lbaq42zqujt8hfdtxbaifjt1j5psunrt
U0047,3832778232,Suspendido,ztxzslynq1x9xvxo81c5yjmeiurypjdd
U0048,7371279197,Suspendido,5p6dtwyv3gblkrri55q0oslxbvwy6kn0
U0049,0116626682,Suspendido,5t1y2nmixmhkj230babdotchxjqg6fih
U0050,6788689206,Suspendido,lxxa583zx46xse84xtx7i6c7fbztfhgn
U0051,9803019320,Suspendido,qf4xecwax4v8jbyi0nqvd92ivqgfjr3o
U0052,3527221120,Suspendido,94wdkhsttiykf35ztm2lhv9p5yajyzia
U0053,9233394179,Suspendido,evblw9nym0l7tvbv2zxaztni0uhx5r8m
U0054,1627516999,Suspendido,9584u9247ricjn72ooit49fwx0gsqgrv
U0055,0832032657,Suspendido,vr5v5s62y9zvkdixtxdutlyr7fl1nmxr
U0056,2286541458,Suspendido,zswadenvh7si38g83c8myq87vwgt6dsl
U0057,7564668643,Suspendido,t0eir7whq61q47wo58s1u1yfte5lks85
U0058,8076252564,Suspendido,cfn0f49uqsqu0lo1bw66qi4juyxjn7wb
U0059,0024051839,Suspendido,bz4y2y74ixy8e52a41zh117mnouidpb6
U0060,0322898749,Suspendido,bh2tu724vos5d1334f985qz55vu4ohh6
U0061,6855638291,Suspendido,ejcz8q7xk6k4vwwcybojy80yqqyj24ic
U0062,8167789660,Suspendido,q4ttcz77vsad9hq11s0n9yynrgctync8
U0063,7296091134,Suspendido,rzp80f5hew8jo54ogr2gbw88w9jxlz05
U0064,9206576633,Suspendido,wwrvwlmpnibt7djh26lpvzpevmwnea5b
U0065,3562946744,Suspendido,735rukmz0nxiw2epxz9k59yhpaccsi9x
U0066,2460809649,Suspendido,t5rnnjkphhvjusubji6nh8t1bh7gbcsy
U0067,1492717130,Suspendido,gca6ppry0vhumfb6bef25y7xn8icld19
U0068,8283472651,Suspendido,agq5npzxnrytsm4cfxw95g6hhawq589c
U0069,7898757843,Suspendido,pfd7w6vsbasz3kvm328or5j69gtinp8c
U0070,0678493103,Suspendido,ecqrf06n5ywpih0xlcynqgt8uco13tuw
U0071,0831065405,Suspendido,7fasdljwa3d19ntgvn5rvuftvssp4zq1
U0072,1226020115,Suspendido,31enok1x1pkatfuuv55fum1n1vc8a1p7
U0073,3673006506,Suspendido,0uxdzbsmpt70yvnp46aqqy0ee0rhpkcr
U0074,4642589561,Suspendido,y4xh4z20aehjx0sj4xxpwqnw09fdv7p6
U0075,4423909334,Suspendido,ck627slog8rkv9cccg1drlh1ds7kxpt0
U0076,1637612431,Suspendido,oi0x21fuffeddtebhka5f66qe596er2d
U0077,8655293814,Suspendido,11i1cx7mj6zrrvqcih4kegl9ilgnngw4
U0078,6472294411,Suspendido,nejqr7x81fysnxmc2dmfqby9eae50t6o
U0079,5445320782,Suspendido,f3x575aiyppdbo91k789j4mloiys868w
U0080,3971702005,Suspendido,ih4dw9odd5vffbsamrcyhvbud5i6ydbe
U0081,2933363629,Suspendido,iyh31g6q4gqy8h0m2nfgdhf1dls4hg8e
U0082,6879662675,Suspendido,nkr8flf6qk3dwtmk5iaj4s53xa9ve3zo
U0083,0380702518,Suspendido,s8h33wjwccl8k0vscjt8cod0jee47gsn
U0084,0383484229,Suspendido,z7jj0ypu4pjlh7r5ea63sovvj9zwaw9n
U0085,6831335860,Suspendido,gs2kinlrarea48ujg8aalyorl6lgau8i
U0086,9865974765,Suspendido,xrp08du00nab9ki00t2i3r103xqjkgde
U0087,7530080715,Suspendido,bkzv7ukaz50jmg8kiwrp8gtvmfjr1p7e
U0088,5577598978,Suspendido,bn6ck91r5qq57eg98kypukwmwaxcmxwv
U0089,8343694584,Suspendido,vvvvsso9bljp148uklyjoserw09306ap
U0090,6169981268,Suspendido,gmbgn1g7u4s8ebajc9cc8232bzrctafv
U0091,0968481991,Suspendido,ugpmbehzzc87m4gg1dtm9smbhmz0jms0
U0092,2362288938,Suspendido,7elnnaq9s6ecrvjf3ucse1akeip2jiyd
U0093,8125957674,Suspendido,9p1snv5twzfxrk68yx5wg2cqtp7vl5pw
U0094,3674208860,Suspendido,k8802zw4wtt1m57ax44njipuucjp02ad
U0095,5125977673,Suspendido,lkaqqlvqn159bc91elv8b2ht8h7lsi41
U0096,1566409682,Suspendido,jcyqk0qnm3rlbo7qugw3l3cyp0gpak4e
U0097,6089153844,Suspendido,by50moijei1mxzgp41agypkshr0wj2f3
U0098,9220247680,Suspendido,rzqvq2n3cd0pss3dr8kvnb0h5g389zav
U0099,3467834193,Suspendido,voma9y9sfs3pe7tzd28d50dwsr1ofg18
U0100,6582910180,Suspendido,kg7kh1i6ouzmk61ge8xg6l6u9fmob09o
U0101,1411510875,Suspendido,v0rub05i3x8w2qkusijmwxw9orkz8woe
U0102,8544432965,Suspendido,t74y29u7vkrn2qxu9j0zsvv24kbipnvj
U0103,9044476766,Suspendido,klt1vuciscalo8zic88o6byaueunw1ck
U0104,7041434747,Suspendido,fl37jsx73m38ol11rg98nab1hoedhm15
U0105,5061386498,Suspendido,kci53m9zz8t3x59lqy7ya9oe3f2h5e00
U0106,4101353075,Suspendido,dz5nixlu4hqtpe3ema0vwgux6ou4l8ni
U0107,9792125381,Suspendido,xk53m8okfihkxuvk0hes25fhmuvs4m8l
U0108,8304327659,Suspendido,428p75i86w66phlh3mfte0p7526bt6qs
U0109,3923786145,Suspendido,0nacmx4mjw5jrwjcz4663lt4wq3dakiw
U0110,3389202333,Suspendido,h50iudukh2v2ii7w6g4lytw3go2eki17
U0111,9751158932,Suspendido,vul78pp325ilfghooy9xiniq2jm3dilk
U0112,7593544717,Suspendido,rev7ges5y9m682s59pp22k46utzeveu1
U0113,6264711135,Suspendido,7kho55c6whne2g8225qzqxq4l32lo1vf
U0114,9236942464,Suspendido,oqwfap5b9di7joac742idl0ogdiya7p9
U0115,4129301004,Suspendido,zcn6trw85fcrqnr69nqypp37m84jtmhs
U0116,7391792215,Suspendido,iw42hcbxestf90ontaeowpkjavqp6lsu
U0117,6539368943,Suspendido,zmwfp2cr5grpyjcfkibord5x6i2kcy9p
U0118,4483591250,Suspendido,xwc3u0ld4bwfl2z0c9dkal4tya690ant
U0119,9323434098,Suspendido,2rpkeeejoyicpvav72sbblyk70wfhie1
U0120,1862564261,Suspendido,c0totfeiz4m3k4xnti7x2bp5ls4r1q5b
U0121,7947637782,Suspendido,4y8ieh03voso68aolrfhf9yg9a1rp6ga
U0122,7100722419,Suspendido,sfibtdszoap00c4297z88rmeniouj9q0
U0123,6764556826,Suspendido,5g7i7vj0f85gc8ft16ihlt3v7ifi2psz
U0124,8872140022,Suspendido,zzydp14u0aiiijad9wj6deybg0mui8wa
U0125,6866680210,Suspendido,hismtg7xnydtyxcq2cpjho88paofj6oy
U0126,1454848832,Suspendido,du5wkickwbcotpbchqnlepp8z1d5e8z3
U0127,4590460923,Suspendido,57byjxbqvlpwhy7yd5mxwq3ujil01xsp
U0128,3386883683,Suspendido,pod6m2lns5954h8qdb6ocw5kg9aeltb6
U0129,9335284814,Suspendido,16teeyetbz9x1vwreleweo1vbaagfj64
U0130,1639244147,Suspendido,wf0nijgo46gn4kpyw8sry6j31kxq7cqd
U0131,9048373277,Suspendido,msoyma34n5u8b285b60kv0lmfcf7vdg6
U0132,5476141396,Suspendido,3h2f0d92qdwgynlebu9c5w5y1k5kas73
U0133,9569641558,Suspendido,a6mwwpuotpevud6zzmkmzi58thqizcrf
U0134,8286846607,Suspendido,3bdcu31p7tedo7qf99xtg12u9wzdkbyj
U0135,8925722404,Suspendido,mo31z6p7xfy44xcozfs8l5l0rrvf7y08
U0136,5436005156,Suspendido,2f1kmyhg5kf19dpg4kh50azl7vdejuw4
U0137,1886488944,Suspendido,j0k0ma8lmx0ejdrd0f7fwbhnvkrhgtai
U0138,2536809006,Suspendido,xgu72p8554inv562qj4bfm7fonegu5nt
U0139,4462729840,Suspendido,o3x8brd8jzwj0r8nq5j0xj0nqsai5asd
U0140,1153669143,Suspendido,olzmotvge79gvwwuj96w8m8sq0bvngk8
U0141,3060240898,Suspendido,8tcqzwx18zap5wda9ens0hng4f1ly98g
U0142,1412932495,Suspendido,e5pge580nkbo8fn4rkhpv1az6qjojvlm
U0143,9676413460,Suspendido,p14rqg1czls8v7gh6cu9xw7ge6tkrxjw
U0144,3508796395,Suspendido,rlv7vv4scdvyjyoguchl090xltq5w8py
U0145,8836650874,Suspendido,dzpb6cn4n6hhyyh87o3uccft7ox7rqlt
U0146,1361111001,Suspendido,ia5g3b02e84588no0yfkmeewa0lgcd9u
U0147,1345638928,Suspendido,86yld4nr6ovjuali2kz2p4txh72v09hi
U0148,4006945166,Suspendido,jahvmvuer0tbghoft4zufeq3f2dotuos
U0149,0864479882,Suspendido,a8ornlq50jiqv1qfakj0fm24eovxfcl0
U0150,3530719366,Suspendido,hpwez4qcd8dyah0voqyayow45144vki0
U0151,9336559640,Suspendido,lxw0r8om07mdqsld01tnh4pa35r5366r
U0152,7641302687,Suspendido,qpaz522ed9sowcgpwxvd8pm2z90gzddu
U0153,2656076222,Suspendido,u5aheh7ej89d9u1k6plkejtngl01dhcd
U0154,7202302864,Suspendido,zw78vtrsyybr01np194jr0gd5792n6sc
U0155,1032368807,Suspendido,lr1hzr5rlyv72fff63fftx4ynkr9ze4y
U0156,3223473339,Suspendido,ffmc073sqnmynngarj9hg4crygsqhygs
U0157,6918018706,Suspendido,13q4rlagkknxc6hxprdz04rqr4t3pdso
U0158,9943095835,Suspendido,eipzje0zyl4hm2dnct3kvupaehnh5vib
U0159,5786178971,Suspendido,n0bswqer04e3whouuy6zvxqkct7hi2hj
U0160,4921769786,Suspendido,aefj9ftlofaoibp9erixsdvsnmdgnhvq
U0161,7645840595,Suspendido,pctznlgbp7sfjfe1q1wutev7y3ve6i1l
U0162,0050889924,Suspendido,e9rcokt6x22tivblcyyetafuegvpbxlp
U0163,2455030159,Suspendido,fzazc49dihem5gkxf9qacfwt6pcmjyqw
U0164,6859269934,Suspendido,sthmapv7dww2h1wch0ptxampkfiak1qd
U0165,1599841181,Suspendido,70v2rq6jvyfwiur2ucmb7gb7es8uhz33
U0166,9573808102,Suspendido,yugyt4kxremqizzprt70qzeiila15y3f
U0167,9801007174,Suspendido,nwvwafo907um6ghs8xvw68avnss0psg9
U0168,0317720988,Suspendido,c0l5siz518b7ax2ezrfxgm5nh1w3yjdq
U0169,1343828733,Suspendido,x2m20dvpoxne5nc5ak68ij8tq7j8pai8
U0170,4682320202,Suspendido,zbaqjzce64m7ndrkilwxxhixoxcoo02r
U0171,9917585550,Suspendido,wk8r02kcqhh1te3bovu2lz4gfvd5ksi9
U0172,6481875025,Suspendido,dc626wzllygfkn67qedapxmwiiiljprg
U0173,8826564392,Suspendido,firnbg6r0swhys7aiatm537c9ltogtj2
U0174,6645072091,Suspendido,3sh0b16m0d5xlppab54eh1qpsox2dstz
U0175,5388148643,Suspendido,n2xfem4n4tpws2659wdbhn8i7xkrszzp
U0176,0485677459,Suspendido,z5u3pigj1w4ww4hjz26gspxj8dkh8gtq
U0177,4834007496,Suspendido,3oz5wziqzyrpxpdnelukwu9he1udtlsm
U0178,1177608131,Suspendido,wg47asx3ek5lxmuqu11z2azak1wevlsd
U0179,8692398179,Suspendido,8j8w7nu0jmhnr8by0shl449993bkn61b
U0180,9834445850,Suspendido,s9e07gz2qu8534hohqho4i4yf822amne
U0181,8668498871,Suspendido,iqrf52r52s8htgll5jziy8be9b3h55cy
U0182,4632004153,Suspendido,7plo5o3c6ns540yyzd13njbmoltv2so7
U0183,1192698327,Suspendido,u0cbcuztom182kqbsug2e5sk5t3jz6bt
U0184,8996834067,Suspendido,mw5n09epn499o0pjt3c1p6qd7ztumiip
U0185,9410911965,Suspendido,hidnr97kivicr0b86mzd74j997sv4n1t
U0186,1386423124,Suspendido,bdef8k1s4huxf6zzoul0rcjxxlmprw6i
U0187,4119457242,Suspendido,55ei7pdsmrfckn4rflqqn44sehnzvm48
U0188,6045564495,Suspendido,ufxiqunj1r08tkaskiimrrwnv8nq1odc
U0189,5445830311,Suspendido,hq9qxran3ojsb5a4ge0hndtjgf50fz2y
U0190,7892754236,Suspendido,eblzzuwzh7nz9dy21ouzivkiad3nbqos
U0191,6716296842,Suspendido,ogo0ahkzw4uyd2yw7ompu9k34evln2en
U0192,8451274547,Suspendido,10tdd6sl0rsmsp8j1pryn7612bg3v1sq
U0193,9487644309,Suspendido,jej8qux30tfbydzdfl3jl3ywnj92k3ic
U0194,2513232103,Suspendido,2ki9qpn924xvhm2a8gerv551caae94sb
U0195,8476062918,Suspendido,r8lneeheqx6582bm7m2vxhxoi7pbtpng
U0196,0647337207,Suspendido,se7emhc82a7xbupoj3a1853w5m25bypv
U0197,7445455414,Suspendido,oa59os1746sxl1mpd5fwwdzycyqu5c95
U0198,4569967471,Suspendido,i48pm17j0s9y45gyoy9lw8reeefhg3wn
U0199,1857562536,Suspendido,k5smqidc6yoacdcnj6s5su99rkeaws27
U0200,8395079616,Suspendido,orlvg8yuwrdu942xx41djfg3ug0v68fb
U0201,5087654978,Suspendido,yqigd9anwm67yx85j7oenfl4nlsbmarw
U0202,6842106440,Suspendido,vxb48xhdjkmyn369j8jxw8how1p9xz7x
U0203,4014227697,Suspendido,20gty460d9qujsixibe86wf8a5o28knf
U0204,3112851375,Suspendido,q803zf2hhzmkan4suxkdnhplf0ldq6ui
U0205,6224508569,Suspendido,ou0gtp3pvw0v28kh803x1cm9ymfwso8y
U0206,4367710989,Suspendido,h9jr34pgudselrxb9redkyhjj7b9arfw
U0207,7501122669,Suspendido,e40125buw10emircsyug4ecxv8jq1op6
U0208,5355081972,Suspendido,8ejgaun13qt7q0nqnd58gzfw3cipe99g
U0209,7734125984,Suspendido,jd2ryrpv7idbyii6j8zm5mpa0fgyh1xp
U0210,6619634772,Suspendido,4cozmrhyjuy1xvggna3dtvcciwo7qipq
U0211,0361532440,Suspendido,o9uey0e93npkbmcrnif2j13dspdufn24
U0212,4649354895,Suspendido,yw98q6z2m7089619x8xql2m8pfolnyoj
U0213,3392073565,Suspendido,84d6y9fe0cgh5gukf05kyh6va046lbvc
U0214,4309900357,Suspendido,zx4wp8ynmbap5s0yiuj19oq7q22o1yaa
U0215,1110373992,Suspendido,4xi1ygge4ap6sxv22mld82zu6pzkn7r2
U0216,2353977323,Suspendido,4nb8ltx4ctdfbzt1z4e5oq5hq6i1kqg6
U0217,5093482620,Suspendido,p5gsgpwb2j39242s2r7pje8mzncaurby
U0218,9631601508,Suspendido,4rl53md97j9q7k4phq4zy32f4kaeip29
U0219,6181410270,Suspendido,pfc1fnc901yyb8slffmmal4dka7mazhf
U0220,9525528657,Suspendido,uz79zieqlaesiiqhccl1wqsrz2ypswr7
U0221,2375335837,Suspendido,0bmhgas1py11rt8lzrrgkxiplis1f5nm
U0222,4331673852,Suspendido,p0hg8a3vtid2a92qnfdmg79cby34yjm5
U0223,2030107628,Suspendido,evcirfneevvqchu60rezeo7uulbrxg00
U0224,7656307286,Suspendido,dlufrw7ibpdu182h6a47iwmtlysaba2l
U0225,8720027805,Suspendido,sg8w87paawt9h56jygvyehh9uaisezjj
U0226,2318039076,Suspendido,xryvzads24fc17z381oc706wen8jpjsz
U0227,4303037752,Suspendido,dbd3p2sh80doxozbn7ykfsyw6cr001p1
U0228,6714588746,Suspendido,f4fe7cxlj2lyffnzd2wktf110lobdnle
U0229,8487132913,Suspendido,u1doe6qtcr0t8dwk3x4rdfafyeywq15s
U0230,9496254055,Suspendido,5ck4wjft7km559bsjty2vg29nrg9vwea
U0231,6330691450,Suspendido,z055t8zoq5bnugf5crkuofqor3nmd2js
U0232,8628993659,Suspendido,zdsht4994i5rgo7d6r80q71q1fl79cwg
U0233,7207188761,Suspendido,spoe9lp6lzwdi2cjpgel4hlrocy280dm
U0234,0275880108,Suspendido,5hlw2qi777uetthi2c69sn6fnvdpp46z
U0235,2913127568,Suspendido,xjrmu2qb318dlz8hvh3tfoa62aljpd1p
U0236,4066126448,Suspendido,in0ypcok7h02q4gvxkcesc2uy4ls7ybe
U0237,8568204510,Suspendido,swx3lukalioapjb1h59li1zron9jxtdq
U0238,2348022688,Suspendido,i38m6l28jusyo355qf5tgg7g9zv9ysph
U0239,3849963991,Suspendido,fjh6iaoawy22chz1j2ys5he7argvhp5x
U0240,8149632302,Suspendido,mlxxva8b8pvdlcakjo5qphapti9kpkz0
U0241,7561186847,Suspendido,tmix76l0tp3nvmx9x1v12d7l3ym5vola
U0242,0996148186,Suspendido,ggqfdc7qycnh8gydo883rat3lpcffhji
U0243,1279838101,Suspendido,q5d9aqktp0bhpa7t4rqrisrx1pfdmpps
U0244,0275308931,Suspendido,or9beut400eqc15z76hk556x1y7clxc9
U0245,3674820181,Suspendido,1mtx3tztw04tfz6mjqt4we30n3957u9s
U0246,1241470330,Suspendido,ejox70x7e0yw2wogcj2qe137zefye28g
U0247,5317682204,Suspendido,m14nnzesjmvfw0o6t0ublis65uvxr2eh
U0248,5012373298,Suspendido,7ogqx3msb85ecj7si0glc1tr7oufslza
U0249,9710918291,Suspendido,xt0uri8l7telg2i1ooiz4d5im03roce3
U0250,4597516384,Suspendido,g4sua5mr6ddwlhrl9qm4komdgvh8203f
U0251,4831232594,Suspendido,28c6h7hjb7aaqn1azpex852k1z74jm8v
U0252,9161821671,Suspendido,jh44ui3nk736ztxnq19ccq7gik7ut79o
U0253,2622158593,Suspendido,ha76mqrrkveqg5nrsmdmq06of880ugqo
U0254,9045285707,Suspendido,a5y1m5dgc16oj65yrf9ancu7tuqoyz9g
U0255,1851787665,Suspendido,webl9fkcch5f048oh2uw8lrpk475lixo
U0256,9536521133,Suspendido,38xdd7qy7e0muey9k84g2p55p1qd5o2g
U0257,5089615020,Suspendido,8ioyekt7j2cntkfkzhbl0lvvqlvulsmk
U0258,8423829152,Suspendido,r1ptz8a7qwlqy4nc2pgtp66q9icd9q52
U0259,0338047509,Suspendido,0fm219dm1dilcccwi6hvi5ve35ds2dj2
U0260,6846684230,Suspendido,pe1mh4nnj7r4sq5ybnpvjvmswmb6loa2
U0261,0019109629,Suspendido,9dmr1xn3szf8pyspsp15j73z56xwtgox
U0262,7831711867,Suspendido,9yr7l98nz9dq9wbsvntz01wivuvv73sd
U0263,5258842857,Suspendido,4ny2xmljac7iamgivltzi81y7m7xeuwc
U0264,6682926681,Suspendido,0pwhfvh84jdmggc9sfsoejc0l8u4fd8t
U0265,1226865180,Suspendido,wjzvb2vt0d36hs3r88xa2i737g4maxfa
U0266,9638983132,Suspendido,zigop3enjisvqpp3qfmqom9grck8j9rn
U0267,3240384512,Suspendido,n3qa5l7728zkapgtum88j6vsi4y843k6
U0268,1916662717,Suspendido,gmhlul7dxnmo34feboyn0r68n238c7ou
U0269,6684142020,Suspendido,hvcr92jmamdoap3tp73vfbx7dpy6ggja
U0270,1165301486,Suspendido,oij4k3xanvzkwccok3inonxmv8h54jpu
U0271,2709752972,Suspendido,qat3c0kz6p2wwyway1ox4f74oymhc2l3
U0272,5938872586,Suspendido,e2x1yzvq34uw5pokoo31t5g43rxij3gr
U0273,4573528934,Suspendido,99f93n0mzm5zla3dnh77hj9evjl3uneo
U0274,5733458293,Suspendido,fyunhka7at7rnoywos227alwtrhbh4zv
U0275,2749467964,Suspendido,vc2hdz26y8mt7d9vffmqv6ufruzc3lk4
U0276,6033698440,Suspendido,ituw7lmh85887wgett0xcs8qaosdv2de
U0277,0330089916,Suspendido,ha8jr46vc7fdzx1gl3nzh3uuf1u8xrcq
U0278,1738568561,Suspendido,wasa5fqlog3cxcnn9fl7q5u2qmvkx01v
U0279,6470775347,Suspendido,ra7hmgjow4anv0uf7x0zl7zzp85ohkj0
U0280,8265562678,Suspendido,42lkap7i9rxwwov2615ozgvxlwck1alu
U0281,4789365119,Suspendido,lmzmt8y5tys4xqptlhp23yo8lvdyp55m
U0282,2367379522,Suspendido,gdndj9y38x1k3sckl76oeau8iygd95ab
U0283,0201608490,Suspendido,5er4cq0v54ekz34olbf249ur66f8jenc
U0284,2378034287,Suspendido,ic9xyedjsl0f7b6prviq0pucp65im435
U0285,2106698539,Suspendido,m3kf44p30qkdv44ksv9jz4cckcbeb7u4
U0286,8372995048,Suspendido,1d2mffzu43d8mi71gdk09j1d1z6g3q3r
U0287,7228638363,Suspendido,mhcsfzuttbgd7t6oooe9bz3plo236kbn
U0288,8352070243,Suspendido,1p45u46b4nbt8orxhbzkrnasnx3me4zv
U0289,2357562933,Suspendido,5yu80ycpkzatplx7mxhme9zdyyudh6t5
U0290,2484932645,Suspendido,0eggzgxtlwefyaxg4t25pm6g7uoxurf4
U0291,1104359442,Suspendido,zg2mjwxhfaq7rsuz9sboydeqq2hmut98
U0292,7878548895,Suspendido,nj9ivr7sbbmy3r4ykv3ofq58cn89e74x
U0293,7480812489,Suspendido,yg2f1hso4bro70f250fdqiaxoczqa87x
U0294,4186769936,Suspendido,4xc6lv3323khpzgmkzp2488i1kmjpoag
U0295,3945482711,Suspendido,3arkp1d4runyvtahqnpyicoyuj93ehv0
U0296,2312526431,Suspendido,8xuop74cw5dzgw93p19tofv7fczfbec1
U0297,8463530637,Suspendido,4tarfqn89dbpveojhzhc1cnxp4nk7o6y
U0298,1854399038,Suspendido,lnogbei0s9o1rfmnjq47way7zooa52l8
U0299,9384601889,Suspendido,viv4512qs1wchjdbuylrlgsc3loxwqk5
U0300,3348974737,Suspendido,1m7ar1ks43dpdtrtdqzf7sk2ik5ly5tw
U0301,2714V54042,Activo,54athwgu0o4l2nvu8i30fnjf7iz4nwnz
U0302,1735X88132,Activo,cpnfn04fio3bg8ps4sse3lug3qck7xqv
U0303,3877E30527,Activo,poe6dyct6fuluw1rrtbljrlkwsb5z7ns
U0304,0804Y70836,Activo,ubkeftaxtoyh3sc0c74ed48oehpa99da
U0305,2440F48986,Activo,l4acfxjtgytxveq8kixtcbepi3wx91wl
U0306,4978K02100,Activo,gliietg1jlxxv0p1csmd0jnace9qztq9
U0307,8200F13172,Activo,rv8h6il9do4weiiwisbpwn225a3fi5o6
U0308,1254B21222,Activo,6jyy9cmuacyszfsv45l95wbbtdru62lf
U0309,5336W42002,Activo,shh3sau2m5tbbyicz5ay442juhlg2d34
U0310,4701O98845,Activo,0ikde1fbicc6mmtdk1rrogjay3xxu7sk
U0311,0165B20184,Activo,tafq48zx3imsa89t8troysbgcss7jhn8
U0312,2865G48208,Activo,aw75gm20l3jh3ykeetg240t61a4w2s2c
U0313,7191T42120,Activo,kk9dg4sm4d8z34u6tg8qtuupmhefcwuq
U0314,9316X50195,Activo,c3jsrsy2uc2ci9zwbkb24wqrizwyco1x
U0315,4723Q21399,Activo,6052wvdgin46z9aqfm2y5y1lc8nrumni
U0316,4668B85377,Activo,xtsqfipe0a5ao4zmijhbs19vuew432ft
U0317,2014K49684,Activo,pcjmx8q4dr5l5hicg2aqngo1fh72bbg4
U0318,6387E90332,Activo,q1fbw9hkgq1lvnmbb24h45ort3ff6pk1
U0319,2183W80967,Activo,h7c3tu0wytq9bn9rsbx7kijicqpt7gqy
U0320,3095S06179,Activo,0917g7cir3zf3hl28b3nst72nzqo40mo
U0321,8975I89109,Activo,i2y0y6yx3nz90rs0w2t8sllvaxcimjce
U0322,1723L08266,Activo,wwrdc12tf8uynj37pcfhiktzynpq4an9
U0323,9730T12566,Activo,89hpb8uvdzmawtqurr2j5u7zmnawi6ew
U0324,5926U72892,Activo,xbea8uwnzq52jl10uzdwxq7s3qt1f4q9
U0325,9702H32516,Activo,ukcnmiybvsfisktpskuqu8obg9hlcat3
U0326,6913D47199,Activo,v4st5stl3mcc9thi9hw1d26o2o6epyht
U0327,2690G82563,Activo,9t8dsrpst57iwiur6lmcxzrg3atk7st3
U0328,2974G54503,Activo,kr59k3st8ndd0omf5uvzbkkpu1vuflgw
U0329,1755Z94506,Activo,8ol64vq9k0r3ij8juyccrynabjak1fls
U0330,8255H09594,Activo,uivvx9f5ju2a8rdp169am4u70c5yxm7l
U0331,1990C97657,Activo,kf0je9rmmz8et4p9dt5hywl082e5pn3v
U0332,1478O61558,Activo,yximiqz8nrujdumh6hpxsqrtpwwpe52u
U0333,7999X19606,Activo,vvz71xcv4bmkwapcbrfyrovtxi1eht52
U0334,0253C38081,Activo,131sq82ockpqmb0e5g7f6nrjb8d42xnb
U0335,0449S42444,Activo,iqvvmkpo34rawnhkrqlqt88vvok97bt4
U0336,0284P27142,Activo,1p62gjfx7xdgi17wieif5pml52r4q3uw
U0337,4675D11857,Activo,r118f027dlznp2fdr3sep3teq5ykwzb5
U0338,7715L27777,Activo,kyv57a119ovif73alhtpl5ahqqmtulks
U0339,7409R15033,Activo,yioyc2sf54pdl3t8z11ljqd62qegohv1
U0340,4517F12610,Activo,pcqz1eg74ouota1xr0ki741w0ytqymvu
U0341,1562F53540,Activo,yzyrffd9fqrvrqzbcy2ie7bonl2ab03q
U0342,6889Q96283,Activo,l7fav40hhh0cn3acyk4zscm5gjtkkok0
U0343,8224X20680,Activo,dbfb2mv8mqlqru3q0c6tkfsq362pdep9
U0344,3109S50150,Activo,jnwgsr097n49df64o0fbqyj1vch3pxz4
U0345,8746K46314,Activo,16yie7mywhi1cmkmwd6x6elusrdpo08s
U0346,8918M70029,Activo,v6b01xb99ohsnmluj70qadeifbhdtko5
U0347,0052E90681,Activo,fb85ms9cmnwixszpfb9o4t0t2puz6qim
U0348,7253B86882,Activo,jx58yn7exxr4yeaorotxmy09izg5n583
U0349,2326Q84865,Activo,ulwslj0si2w2qw9a00gig3p0grd206mo
U0350,6515H23911,Activo,hscs7qinwwjpq86hovxer2k8zotbt8g4
U0351,5204S28819,Activo,5x4vp5th9rgshwg18o566ydr21uqjpq8
U0352,9974L92723,Activo,8wdx9gsj9r6aq6344f4bxf3rq78uyl63
U0353,9013V22017,Activo,fsxu0abnj733dc9eng06ic4yo6qzgi3g
U0354,0237L20088,Activo,sq9stk0ohk7gbd5j3duw4l1mhd7p6k02
U0355,9098Q73245,Activo,gfxhu7uz3j1fqwvk3t1tx945yd5d7tat
U0356,2924A18159,Activo,0d1nuz3blhxebc40lrjkfn2a27pfi6jh
U0357,5479Y16996,Activo,ma4us1q5syur8ehokmn21pullf9n4gfm
U0358,3795K43934,Activo,f1ubzcy0923c02uqb29m25p3rp57wk0x
U0359,8090T90872,Activo,wyjqgz9r4ilmwreyo8ydvvirfta1kzrb
U0360,9418M93709,Activo,83qspt6cbi2id4ykx0kqk5fcyufirlrg
U0361,1053G72650,Activo,f7odosp07g8603e9nuwrj0t9bp0w68mj
U0362,8481J61488,Activo,538hz73w09dq1074kiqsw090a5ljoys1
U0363,9518B79415,Activo,0q1kxhdbvy0c9xtuiacusiskri1qk9vq
U0364,6367Q95948,Activo,drio5qek3qzf0ucjc9icw0lyr7ui15kx
U0365,1700K80328,Activo,wxuq0zp9ehxl57fmeplf7asmfzwqkc4e
U0366,8440L18386,Activo,9yu8xguw3gidbe93vg7h3xmds7sisy3j
U0367,5796A23141,Activo,lcv8zcd0zwdxcq5gsddnmoqd9ixafkmv
U0368,2272D85063,Activo,rt5aky0fmyuk02otptf6hzg5izbv7hw8
U0369,3223X21041,Activo,6zelz5r4br2f9uf71lvyidgez2b0bvgu
U0370,9226A19744,Activo,rxi5ymnqeyv9m8zcnfw7nn6sauejhoko
U0371,1154W26308,Activo,wax4bgd2szlz5mai2uhlkk0wgl3d8d3a
U0372,8639G92976,Activo,1vbmw4bxhsj4o7fld4p1oez6r4cfemdt
U0373,5036I64765,Activo,luinrkv9oktc1loebde18y6vqpvtviq4
U0374,3448P24780,Activo,x91j1pu0v4836xezd041lu8zl7zimgw4
U0375,6571F41926,Activo,xj9msv23z6tusnkfzso95d6edad08ync
U0376,3892Y21690,Activo,y3vurlaqnibnd0lfbg2g14m2h4nr9pgm
U0377,9200W80966,Activo,rh0ybffc4x1sblmg4jbwo5u1ispvxylr
U0378,9817S01210,Activo,7efn47c7drjb7cd98fetbs44gyfwzrau
U0379,4855Y25343,Activo,x7kzzdiput0zdn2oxjnf44p2uh8f9gc1
U0380,5385P65389,Activo,chthefdoils85wchu3xew357yaqhafk7
U0381,6598M04705,Activo,9t05zaspe1e8wzjepy8c2ibp0xsuipwc
U0382,7699C63514,Activo,s1u5enei19q5oq15xwi98ide7lga6inv
U0383,9109T57879,Activo,3501ihwneudx23vwdld35vdfzhkn57ni
U0384,8481E63881,Activo,okh2w213p8l3w543mfdxezdwyouk3j9i
U0385,5206S01466,Activo,zzdwg4tgvvnouub5r5kyqt80afinah52
U0386,1756O88432,Activo,c4dks4qtutgc41oqueegd3gh6j769829
U0387,5882P13590,Activo,wn7v09p2jg37kuv4e8wrmkr4emufx9ie
U0388,5895T24105,Activo,nniqhc4tw4wo6gx1qwzvs2u9398nqh8y
U0389,7413W93909,Activo,ms3wkyrdygc63rpekb5tzav9edpymmvb
U0390,0766E19351,Activo,ngyzc1ui53mhyl1nd3qgexsxhfzby0q5
U0391,8966B02038,Activo,dhjaklsoh3h88unzmhbd68sr54zgkwsj
U0392,7369R60767,Activo,ye8u83b9j1lzsn3nzxwcmwo84ib2aaik
U0393,3578D26477,Activo,ub3ow15hhyqjj5or6l4npticx9phefbi
U0394,4882S45081,Activo,4gaj5pcajgozgfp4qdzhmgw0uox3qxqu
U0395,7969D52033,Activo,funw3xtkdalhq57stzmczhcvxu83fgln
U0396,7950P84653,Activo,oizw5095kzr0u4mdq5xpq60aoesrfz9o
U0397,7911B40100,Activo,vb7vxjur39jdlibpu9vtmba7iaw22n3y
U0398,2584Z30573,Activo,6kjmrxruwwi0nw1e81sk8tsylzm6c04l
U0399,8827R80011,Activo,bwiznp05s2sr9lqe2z65xba7tfu68wy9
U0400,1818G46332,Activo,jffe3o063cz8a30kzlpvgs030278ikir
U0401,1963M47756,Activo,78eqjnnrl0b3zqyql1yi9191r94vlcu6
U0402,6602J99206,Activo,u87n80l7oarjaoas8nslbawbxm3pt6ew
U0403,3957V61705,Activo,hhcg30cnkz9ubb8tizg37pfaqs99kskv
U0404,8556M85821,Activo,3cqyht17orol10kwbodl6w1uijila50e
U0405,2149I30411,Activo,0xt26wdu55xowsozjl0b1c3u768rr1r3
U0406,8917M15724,Activo,dcy6l50qz6bt1rxhabgbgj77tgfr3us2
U0407,5934L02155,Activo,nonzuau9dci8m1498xwy4o8kz42begcn
U0408,2378D08127,Activo,4invszu20ai6ta78vev344thb1w7me1b
U0409,2226S53489,Activo,8io28pcsln4miu6vhrq4gk84kxd4u36g
U0410,0608H48111,Activo,yox39du1lzo09robgfno7uxplb1x6tyo
U0411,5197O76642,Activo,2i4mogzs419y3xblgbvm3epif7mbd7ri
U0412,1234O77823,Activo,gweiq4weahmnhrdvz04nqacefubtejmd
U0413,1654I50727,Activo,t0sfccmxczq84uw18twklp2rv3njd62w
U0414,0943I78153,Activo,knvr9bn2wdxyjhhge3idbpsnwty8f0rn
U0415,6913L72295,Activo,hdouhq8oefltrmlmnmo48b9x6jvdxfhc
U0416,8124U62249,Activo,zkgvit48au055cmfzodkir20w77pvose
U0417,7214E30842,Activo,cp60lpgri51rgt3nc0w7fzosusc09wta
U0418,0328J25222,Activo,mjzmnbkz0n3x357xuo5m4yp7lxilli5r
U0419,2305K60783,Activo,xc84kf7ea0ybs4reu34psnoxdhs89l6g
U0420,5401Z48849,Activo,pgn2z1xpew47hizpicqc84xrdj5s4it4
U0421,7794K75810,Activo,udjl0mlgufgywhu56psfgop1l7iglx5n
U0422,8630D16616,Activo,siqo2iwse6wl1oowytuslqgqos4akrs0
U0423,5164G00311,Activo,suxlmgo6kz9vil2qhb6zsi6w9bpn32ik
U0424,0887S58228,Activo,i0pgehylbced0cufol9l65rpranxf928
U0425,2295Y33244,Activo,2h0fhy8gigzpw6rkuj4wolynbionaxdy
U0426,0883N62802,Activo,g1m0xx3ti494hbsqf7sg5jgu4rwmq9df
U0427,3072C53403,Activo,f52w6pk5hhxl7w8qdnvsqezke30u93oa
U0428,7649K30232,Activo,7pt3m6desask1gu84spdd5nfx8juw0em
U0429,8545S98281,Activo,9ivb7rgzgj51zop40z32118g9prtqtfj
U0430,8137R32035,Activo,uwmag4r1hlst3ze4o6y6w6vqirw68k1f
U0431,4286F89598,Activo,zbpf73v20hlbyaoa04oj4azzk3qtrb6o
U0432,7637M15671,Activo,20tl7ozmahlfj09evsznlrudswzmqyq3
U0433,2834N53686,Activo,k305die1ux736k1fx7nbckgv4nc5quvu
U0434,9483R53350,Activo,2d5ltkei4biuuabt3ja332tg4ym50rkq
U0435,7095Y52960,Activo,e2ou0nx8vp6gd2r6apa52u63yasbew95
U0436,6015V51811,Activo,lns01zo5vq1bxzmyc9yux0h942ghps6d
U0437,4913B49781,Activo,lno0ukasifghv14vwrzfggbg11xowq0d
U0438,8687B81083,Activo,csalr4be4gdr78ycs6sxxjh5b629s1ma
U0439,5354F66625,Activo,mt7c6xda7czu9pxh3eahyr1v8o6mhnz9
U0440,7162I84672,Activo,9unowca1tg9na7g4sflhe0x2kib3wdws
U0441,2554U39106,Activo,9tox5ngy4eoks9dht5a3pklxuuc4n2ca
U0442,3409L16254,Activo,90d1mcmzdj3ywns0spwljgyhzv685uwo
U0443,5622Y72517,Activo,miyn0zdcsuxp5jmv1uj0n0a0986b9sbn
U0444,5816H20016,Activo,bhttt03vqliy79on7z16kw2d9yikj7tb
U0445,0372D09832,Activo,u1pkm931w1bwa6kjrbwhr5wb08fz8b9g
U0446,1314E76791,Activo,emule9v688hp7aw6pkypa8ykcgxlwvd8
U0447,5815S07593,Activo,5ccqr0ts5g753v79cna842f3bwk0rk92
U0448,7025Z27014,Activo,tjwdx7vw4km3zv3utohvhhw0kdh8n889
U0449,5913X93813,Activo,bfcvp1ljkgjnmjgd49t80f5pe9c4gvx4
U0450,6576Z50693,Activo,n9yujua5efqtiddy4n2im92a02hihkud
U0451,4433466975,Activo,n6ch1uwduodr5ss8qktqogmagw0n7kvy
U0452,3705253447,Activo,oriwzyluqxo7qgk702ywnjgh1dicmg76
U0453,8847215546,Activo,vzs5nqo739dol3imygi87tiedza2ddi6
U0454,2632711672,Activo,1mi90bcmmm0s1ondqn0x77arygjv0f23
U0455,4606058958,Activo,6e94wq70tk19fae7rlpx3unkt5u0zhth
U0456,7194169568,Activo,bvg8jgh8my486ehbewk2nbvost4shfgl
U0457,4382117003,Activo,49wt07k8cx0ssddpjiatth1lcpvf4mw1
U0458,2685107570,Activo,3o36qr3t1y8tnh2lv4s25hi4ge1nuy0v
U0459,2206208625,Activo,qwlglxecgxq4bo0m5cgmoj5w0ifk2xs8
U0460,0775195610,Activo,levds4qnjsqvo9j1w8hupa13y4zeujo6
U0461,0026764909,Activo,2zngjf4imt8ittl2p8e5f4yu1llyocbv
U0462,7331588229,Activo,swex46u7m37at3p1obbytpkn1pv24bt8
U0463,7524786360,Activo,05f1rn3wpkciv8dc8ckg9z0tehwycer2
U0464,9782768026,Activo,b2rp6qs7xmoqp1a869dlluz8ip8ms3oj
U0465,5772267355,Activo,ciutbd6s9tieqpxp042r1k5hwtl35pkr
U0466,8231470280,Activo,0hzk6jix6pg09cklx9cnginmui5sm95d
U0467,1918432758,Activo,la231wtvf15hjtbaa7i2jic3rye1jvm3
U0468,7730226644,Activo,pvgg48kab5tj3y4jm4xjbgmtfp94fgvg
U0469,8787244981,Activo,gcbiuelbra1p43lnilureylrwtfqzuxr
U0470,2320799221,Activo,1lb334dofd39pdgowv6zehj7op9sn4dk
U0471,7990001970,Activo,qteh6yf0zqxd8xaaqui12t57ro2uprsc
U0472,0971388794,Activo,uci631v1bsq1y6gk4onlvehu8w5x9brh
U0473,9382253450,Activo,pspf94fozj75vz482wudg131g26ciuei
U0474,1423784347,Activo,akfb49by0psedgghswde0h149pauvxhd
U0475,5855576833,Activo,ald3uzka2u4m9u792eg6hwm7xdvrrmud
U0476,8808528048,Activo,1u5z9n3et6c9ev8l97cwma20bjg3xllo
U0477,5135152832,Activo,y092fa9u9qqep6chtetimz62oos955ot
U0478,3156613288,Activo,pwvceeieshcmkw44i8bmxswtaf0kvyhf
U0479,7157246061,Activo,eoe0emu49ma2f8pz9or3nj5y2yejghha
U0480,0342435624,Activo,9aw7r5rz9erve0lbwlrql3coxjbxp6d5
U0481,8974950576,Activo,0swwb63g8un8q7ltagsf0q17fe39slqd
U0482,9330633300,Activo,eos17c0jwnnunptnq0b0uxnrwzx4m76g
U0483,7147233207,Activo,8waimzeazgz6f6iowm02o5xz8iohqetb
U0484,4282884505,Activo,79wiskwwai1izz1j1aykc5jgfxgn9eyb
U0485,0997320828,Activo,tc3qhvr7b963mh31ajdov8041rqz2xu7
U0486,2453799413,Activo,r1567hyj732z0w4x4ey2itfcr0bp85cn
U0487,2239717844,Activo,om2uir4hyu1mbuo474s3m6pzab46u5mc
U0488,7463894524,Activo,9j5lnnd7ksbcmkts1ursy6h689wm0w4y
U0489,5434838015,Activo,4ot6z72pjbnaythj1ithizhom8c24x85
U0490,4159944901,Activo,o21q511i4wh2mrrg8pab4keulgh77otk
U0491,5765300878,Activo,0nsywge1gjgrkxulg8zba0dgokvckzz6
U0492,2157225288,Activo,y05djq9kz9tx85i9le48y373sdq91aal
U0493,5004429093,Activo,x1aussl6ndkic60xzxggszq1xll1eqsn
U0494,4598957453,Activo,8tw7ubvogzk2bffeucbigllbc0dnv9yv
U0495,5093139253,Activo,hf0eosqczyidbt5hiosdtp7fpe6rnys3
U0496,5787261183,Activo,if6a0j2yda1weasij7qwqkzr5u3h7985
U0497,6615076716,Activo,r8av63xdtp4m2pia6uioq10fm9jcdgjm
U0498,4379529196,Activo,gui69jwyuoqkfj71dt6z1npprvu0pvel
U0499,9639721828,Activo,aeuzkzzeh84hsxl6uwv0b1kkd7scm3vk
U0500,6978105132,Activo,3gp8oqhq0dbsospjuvjv0t9w5qzwz9k8
U0501,9685721109,Activo,2h70dtuhwkcnxq4whotwt6iwhencs2fj
U0502,2827242228,Activo,s4fhar2utntuj2zfn08xgz04k6qvkwap
U0503,5803759605,Activo,jgo32fove210wjf3h5s1mctthbod4drs
U0504,4161644818,Activo,1exez5pey2n605qia9tbb5icuoe579na
U0505,6713934772,Activo,hepiva4sdkdprdt4yhgfduv1mzopnmhf
U0506,5793764222,Activo,us0uia2pjblecga50hwb5yeqsua9uqay
U0507,8932856023,Activo,hc4x6ml2nu64kfwb2ol27ksztkyqhb4d
U0508,9214782322,Activo,pfc7ynqmwqmfl6386rdo15i6dq2cr6jh
U0509,8787481911,Activo,g6oeednwqpjs84jhq4n33ogjtnl3coac
U0510,9447447236,Activo,rcbieexe91kk3mr3zyvnslnh8b7i2tfj
U0511,1707282069,Activo,9kiztu8m3khv9v7ehccc3gs4hwz7sk5f
U0512,3891877419,Activo,s082sfr0piiz0hw15fa1an1dp19tcekn
U0513,4580063364,Activo,kcv0273sitcmsn02eekw8dngtfdvhaer
U0514,9743982732,Activo,oboyyjkolcsap37j2ag8my4icfyhlg07
U0515,8033945825,Activo,7v6cdw2rivrxpr2nmdy1hzpqrluc10jp
U0516,6606591495,Activo,u6vijyf5mz0t1t5ics4xd10ddpooqrjq
U0517,6105454329,Activo,raw26y5jcn0wgozemdj69zoqsc4qmgk1
U0518,1959255580,Activo,zak6g29fqlwyc12bf16ykj5zxn5oo8a3
U0519,6762408661,Activo,9k3vjpa7je3dkqajri06r2zs69weyqs3
U0520,0382312023,Activo,9yq52too4a8u32evhcfasdl8up60zn57
U0521,4589465428,Activo,x0g11ac22b28cjnsx3k5e40el6qljcgd
U0522,4668072281,Activo,silp1pd1vfgi1wauigps4ugx41vj2lix
U0523,4486944301,Activo,yqrlxxuutf6mkt5oitkkpf9duqcxq8xo
U0524,0597519862,Activo,umq67kz075pa779j32jyg3wg1jqyclni
U0525,9893473335,Activo,diw2xe8mxi3efmw43bt4qfxxay4j5f4a
U0526,5626018498,Activo,q6laqt9trilmhmik5wh1p0siygom4d8h
U0527,0901004665,Activo,u5m3kcc03xjqbuzipn0f4mqx5c3v8him
U0528,1900537328,Activo,rmvs6n3r8tg9cngompmv36wtfu6n6d2t
U0529,3687963200,Activo,ts81bhuhb0mooiv6b1izqig75vcen1tt
U0530,1564112281,Activo,3km8c0hmsfvry1py198a85u9eq698jiy
U0531,0253836137,Activo,xzc58pp8mhc4iym1dpeym2iu0gfiyan5
U0532,4404103885,Activo,8l12hc3dpnmskey2jc11rbsyep3yn3qk
U0533,0189743728,Activo,hvh7azqb9h68pd788dh3wnr7xywznwzc
U0534,2542961759,Activo,j99f66uz3eopsj74brpwukjlgf5u805m
U0535,0501974563,Activo,0ivl9bv8v2nrque619xre1p1jfu76vv0
U0536,0022803931,Activo,20x6gly5j5s0j8iuts4twu3v7d1cjcdw
U0537,8890364171,Activo,ix0n0d78b6jnnopo33zxbpe873lih5z7
U0538,1876777871,Activo,lwk3wkhxge92inrijt9zg44dd8euigzd
U0539,9738002543,Activo,v2klnt7a9o3mcag522bne0nykav4cxwd
U0540,0933040485,Activo,pfm418kv1hkyvcm4uc33dh23lskjvnum
U0541,6236540686,Activo,4h3bi0q9yrmwr6ewpu2eyye1b34asv8k
U0542,2518395113,Activo,acpn8udofzxm4ojc0bfssvb7byx7ql3h
U0543,9866276066,Activo,v157ifr7aysopwuvnsoyrrbq4psuz2kv
U0544,7210861552,Activo,g288j0x51cfkr05polnxtvfhov9qvu2x
U0545,1467405531,Activo,5iz70to0sg49eb1v1fmnh6e23193v0c6
U0546,4548616711,Activo,3b6supv44v7rhs38xaz1dziaraf2ptq8
U0547,7147729435,Activo,jlpnjn9ai7qlye6b3mfccfyh7z7hb4qe
U0548,2561026319,Activo,5ri6fchxwqwac91zkyvq1a9jc25dpm4f
U0549,5206771761,Activo,fet9tohg7857utqnwztf3yv2zdgs6oz4
U0550,2971470633,Activo,8ojmxapt79t92mldtfnqy7pdtm6nmwlh
U0551,8551514351,Activo,squctjxkhy5wfadkdeha999epl4det6f
U0552,4944720052,Activo,xs2f7uty5erhy2rywoolg8hcuboagtjj
U0553,6358716796,Activo,elh4ogeu9zd2w6duj92p2qgeiv9j7log
U0554,5891346492,Activo,t2twti8y0z0lmn75o1lf9lhufw1ujik6
U0555,4912184027,Activo,zgjjlt057476r9tn0p62wrjl4tebwl0k
U0556,0199110420,Activo,w4os7joxwv0m9kc56cxenofq19takoaf
U0557,7688984909,Activo,vtd6unue29v0ig8flea1k5dw9bb0nx97
U0558,6405053549,Activo,gu3lcqvhgzff61ijztqa8z2d10b5lw2t
U0559,0858655786,Activo,orov1y0kutb79t63zhehvccr60h7x6nw
U0560,4473501583,Activo,5a2hl36k4u17jyxzctk9ffoic8pwhf9b
U0561,1934241877,Activo,s15ofh18ou6u5hwg6lo5stavu768197m
U0562,8000047367,Activo,mqybp8dlf5n66pexyiya3nw4nwbdi3j9
U0563,6146091632,Activo,kpvkgj7jh176u3l1eejkwawkkxpxk88d
U0564,3261661264,Activo,fr5ymx0lba1suxjhdoz8n180r94b9q8z
U0565,8826433733,Activo,n8vebjrddydheqee1ef3yftaxb6janni
U0566,2474314643,Activo,voy7vvjnu8lka05akek03o8rd2s2visc
U0567,8763028453,Activo,ux7oz23j0jygcm1isigon8fitdt2o9xn
U0568,8346942198,Activo,xzknneddp1l1igv7zlw0wozc11h29u7c
U0569,4879839839,Activo,oaguzs3agbqwcdnpnb3fs9tvvv5a434q
U0570,0071986579,Activo,qumnypwup52jwd3xpjnx5z5g1g0fkb13
U0571,1957794122,Activo,cw74ngfjr3g5wul47yv2q945qzp9kgic
U0572,7627362718,Activo,xwxpbol0jr5u1kburn9fd6nv68rsvto8
U0573,8396508078,Activo,kw4bsf1bnxoipmgxx2tls7zo7vfiuntk
U0574,9517002231,Activo,y448d6p10i55zeje0s27bvwzddct101l
U0575,7206130763,Activo,6qu68vjwch0vcih80ycp7ybsnv7tbhvi
U0576,1388480788,Activo,g97zsdmfxyd6omwizvou54upwynbzb03
U0577,2639217730,Activo,qhq95jrvht3owz653vgsbbun2ezvpvsz
U0578,1493767323,Activo,bv0jfzaa9krgge253fhj4rpjy1xqqyge
U0579,9146518616,Activo,li0848wqkf68hiapgswmeic8dd1dtkqg
U0580,9415308217,Activo,rq324b0vw1w98d31p35sk9lsyluoe49v
U0581,7005490033,Activo,puws82tai5mhtsx0plf5jki558tb9wmg
U0582,2668979877,Activo,9sjs9t2djm9v8bhxixw1o998a3rtwwmp
U0583,7745174748,Activo,6g179uu7jyilr87l55si07kh03vgp4t9
U0584,9794628890,Activo,se9b0ehmy87wwrycmg9bxi56yq3uoiwi
U0585,7166360991,Activo,g0r27w5b50z2oaikcmipzz82dlqyb54i
U0586,2803502071,Activo,ksvv58a5veezxd9w5rza9w479oxbrf02
U0587,0759713689,Activo,vsbd3grlkqecugt1dcgl0z0zxol3o35d
U0588,4355090033,Activo,rg7u5mo5bdkppeqj6d7ncglbbmiaba3x
U0589,0332505568,Activo,ejn7mbck8clkk1ob5i9u77uxkbjbro7w
U0590,6129362166,Activo,mq11jw9i4hdpdqgnusj2ih7wwocz9mhb
U0591,4151644800,Activo,gaxd0ixxazwe4cin9naoom6dgz3rs3p5
U0592,0882879220,Activo,w8f08dtl45sjm4pvfoegiupyb39r0lur
U0593,9306372947,Activo,8hhp76arshr571hlzmqnu57ksb59gu1m
U0594,6909111971,Activo,c5vzfdrayycotuighu9d0jo5q1ujr9ls
U0595,5423479129,Activo,2h9o5aaooq4xdvxnnr99f3wsu4biih03
U0596,0272988337,Activo,qolnt73f1nolheeykl2n3ddyvgi9njre
U0597,6474975985,Activo,xk38cj34nz123ajck82pmv0947i84whf
U0598,1409241576,Activo,habx8wytjmoxtmtcnbugv3j80i1cj7wk
U0599,9086187433,Activo,97fjj79gir9i58kf1owdov9aywmqno9m
U0600,6700073584,Activo,lkp1gzm4fov3kk4xiaysjd6ybu0cmy6b
U0601,9145655172,Activo,3o2swou3tpxvo8agdwzouvx6sf2tgbbr
U0602,5860043907,Activo,e02wgvrdtrzfqjs3otg77hk9a7l1ubnf
U0603,8885016671,Activo,oyjzgy7ikbtep05jgchtqn9zy30izlpr
U0604,0204312036,Activo,lte21aisctdnplkrgv707rph37ypxs55
U0605,0984248400,Activo,2a058r0hhli99fzx7w7lp496jee3ezdi
U0606,1050215132,Activo,f25xatx3jpa1pdm156fvrdtkbtpd5u5w
U0607,1184645615,Activo,8z6kaxdudftix7f3rw3fham5nfl5psqz
U0608,8171818638,Activo,io1qgre50leffm4d0s00d00u5v94fn5r
U0609,1303147902,Activo,7iykinyati4yan4c3hjdnom3hlylg5vg
U0610,1973145106,Activo,jnfsxgvfn03ojd7b6wgyf1d3yqoevy55
U0611,5101896920,Activo,huyg5157cq77xr75aua4sioi4q1tqt7e
U0612,3779919264,Activo,8gin29gazckmlnk55gmkrwiqz9pu42np
U0613,0301578382,Activo,9q6tevlj2vqhbxadan4r86wigdi5n2am
U0614,2936626424,Activo,evirvli2pfhhwmpv7k48m6vsyak382rn
U0615,8374807415,Activo,dkn9cmaue3xl87h7bazqyfg912iumfg8
U0616,3081188747,Activo,flkt1pedii9zpaiecawjib5482qeau44
U0617,2630915220,Activo,5x0zgr67ztvmgrebuttpa9fwu8gy7dus
U0618,7220575918,Activo,w1g3xae0i2rwtru52soup0tfztyqsrb9
U0619,4616033899,Activo,n1yxjygig9fauop1dey9xr7aca1ymcv1
U0620,7127976919,Activo,0a49fw964rfijjre6l012u39tz74jyl3
U0621,0080047931,Activo,tgjjdwo61xabkadxsk0x79asflop90gq
U0622,4607396159,Activo,5ctdtgtqj701yb9su6d7q32fyh2ki2dh
U0623,5505927983,Activo,8kntuzfupzx5v5dz2s0b4rydqiee0u18
U0624,5395443546,Activo,g4pafgnut8i0safvvp6cw94jg0dy0h35
U0625,6992288128,Activo,nbot0y00f78kkxs161tatta3r79nt9jq
U0626,0486364934,Activo,uljri4g3f4109eosaerp6v5szon04hur
U0627,4986244047,Activo,kkc5x40mlyvr98yrqctye8cpcpo3clyo
U0628,6447496198,Activo,2qlfror55dzow3hmahvs5al3mdku7n54
U0629,4015960335,Activo,2qdpmte53izuo1n12fwgg5yzxo6fgkob
U0630,9436595167,Activo,5q1hb3xyesw701aabdkvrfjsiv4gvzez
U0631,4172941717,Activo,g32liz6pljl6t679i10baz79k2jman4j
U0632,9441746985,Activo,myr6l6qt8auxarclpzxl8w9iyggjkdea
U0633,8595220800,Activo,spj6sskem10ybd41g6juc5d3hu4f69ja
U0634,3051059692,Activo,wx78imrhxety8u25ub036usrezn3c4wl
U0635,6272060873,Activo,pqtrd5amh59cp437or6ff412u4tz7xfp
U0636,4205043082,Activo,59uupx62hddwohqkcoq2k27b726n3wro
U0637,5820591333,Activo,j2rs11f66rlyb5rl1l1n5k4m1f1u2tfo
U0638,6119118111,Activo,9hg6wtaelukalx88xf7zq9kuetoe2vry
U0639,6466089977,Activo,2qp8ldoi39vvn28mjiqye8k77e8ct0tk
U0640,2168222502,Activo,wp5wud5d8wzvkk7sk552dyl4qkg2s6jl
U0641,2511420519,Activo,umc2ynudwqbrawqfx5sjulhwpcs5h7cl
U0642,7880021970,Activo,pll6jvm7ttjco7re1s39bmg6n15pcj4k
U0643,1039491132,Activo,r8g2rltfhe76559z48s6utfkmx7lk236
U0644,3488968134,Activo,15km0nichnj0qt0u4nwtlxly28dl0ok9
U0645,7648206026,Activo,3q2568rnc91v235h8wfjfk49crkyqn44
U0646,2773640809,Activo,nhcf0vb0wlk6uvlrestyy3g16co86i9m
U0647,0007610310,Activo,inezcgk41k9j0zejmwc7ln2kkgxvo3es
U0648,0494827542,Activo,0cnio3omho358u5354uje4294qnuqoab
U0649,3224097595,Activo,k39e84jkiq404m5mv0vocxlxnb2o5pmn
U0650,1056542273,Activo,vwcq36r71dj13hoi7ygsosm0l38v6gav
U0651,9774285658,Activo,o866v9naoj3a5emlx6bfnkzfv3jnfqm0
U0652,8375891158,Activo,stnowpgbph2j8i6tf6ltieqr6unxudhm
U0653,8420677766,Activo,28iwpq32faw8dsiluv8jevo1n48w7ztw
U0654,2092126434,Activo,35ur3l8kwkm7h5mwhhlttgckdptf50uy
U0655,6702792174,Activo,kr3tx8bo3rwojdsitc7vhqeul7bs59a0
U0656,3094067727,Activo,u0q43yb9wnf2d94a25uh765bmp1qsl8v
U0657,5712644059,Activo,wsvmdzx2bjsvt49urtj6ww6rl8fh7ki6
U0658,6908710223,Activo,f9cn3k1325pc5tbeq85eg5ytk2yvrzph
U0659,2404317943,Activo,qsk4n94gmt38e9f7yfzi0zm54hqlbt1g
U0660,3578757429,Activo,6so9oor7eq9pfe1qn4xl8iby6up1kyyq
U0661,0476068472,Activo,k2u3xrbngba2sp3sbt18chboj9qpv2cu
U0662,4209162469,Activo,cezz6vzgpavhlqymlszm1xocj91u1bx8
U0663,7786548892,Activo,iki4gg8medknjj9h6uww86xnfqcfew65
U0664,5634400640,Activo,wk2blrzm1klgwtrjs3lalbzb0l9cu7gz
U0665,8538315091,Activo,okhghf57upk0vi6r7j3noywoni2g9qdq
U0666,6652231815,Activo,lb1rvqgyi1jddqwzf34a8bv7tz7g6y0e
U0667,1150582393,Activo,q9vj41a29sjvccqx967sidgo70mjwim0
U0668,9937474076,Activo,9b8qbeobj35uled8my1wzp43g6cv2qah
U0669,1728458736,Activo,i7jqhfoh1ikauyzt31odtoe68tvcs7mp
U0670,5454608312,Activo,4sqtd8lkp2yk8e3n0kfdhcltpxgu66vj
U0671,5730862388,Activo,xkz49jzoea67uso81q9qm6h6db6y1xon
U0672,0336291681,Activo,kmy63kfxxbnve0zkzv6s6xanl4gakakt
U0673,9077799703,Activo,udb64wnbrpikq4fa0xl7ofi2in4ncolr
U0674,5275372188,Activo,x31d3n04njdg9zjlybfi51kpfkal895e
U0675,1935428087,Activo,4w7j3kc7zeh3g7o0qnw3fn45kelijma3
U0676,7955971322,Activo,0rwaccn8o1z2afdxeifd8usyhx0a19jr
U0677,7974397937,Activo,i7gij6rh0b6jm4yjlzdtykpp1ay6yirt
U0678,4366541226,Activo,l9djcsd8jmos8y083q23k3wd46bdgwmk
U0679,7723666375,Activo,gknvjbk0agh6ha73xioe2l35cl4waw67
U0680,3678712000,Activo,vfrlwovi961h8v15jjtdsqu8bc48inud
U0681,6912975392,Activo,at6pit65szi1hu49k31zd5rcu6zh0hsi
U0682,3675952379,Activo,tjb2uiwjgmf7vp9mzv25tm5n6fshq73t
U0683,9240078138,Activo,bv80z7026ogz5grk4b6yheragxxjntdb
U0684,2223679576,Activo,gbi1iz2shgp8tlm1rx12n4x1jf5k8ybb
U0685,5536551129,Activo,dqrrsfxk5w95b1lex610azbia067v68i
U0686,0429071419,Activo,7pzq5k3a5ceee1p27iosrnoast49zqdb
U0687,8978258635,Activo,lx9xilemyb3a2bstudq89uz5acwh8c67
U0688,8099452655,Activo,hdvm25yj8ze3yrgi7h9ldhh949xko28x
U0689,7509042686,Activo,vlpl1wxucclon0vez9hb1orblzshs88r
U0690,6887769055,Activo,jc0tswr43t7axokprp5qxpwzdcvfnvx3
U0691,2614388550,Activo,oha3rtfgl8fgk090li6p4t468cz2mdxa
U0692,6675820311,Activo,jm81benyqikf7ncjlhq2pnjrrkfp33vk
U0693,7496920564,Activo,kwid7mgo5mds7d9vpe39zv7rxqjg2ick
U0694,7414723798,Activo,zp1wpl1rjk6ndsvixuwqo231qbjkgo6w
U0695,3481320335,Activo,p7t604hx8dkn78lajx4njhww2z7maku9
U0696,6266332938,Activo,hcozkld6sz2aa1pj4dkbiyjn1pzviufu
U0697,7503063922,Activo,74sec6l1kr6vk0o86b4giil3rbodxerd
U0698,8903201041,Activo,eux6qr7lk4dn67v47htq64c54cdg1i6u
U0699,8967246026,Activo,9r7memvm9uyz5nf2q1i0gvk0loeyomgg
U0700,3878415139,Activo,b8bapeccw0z2qfy375vpouatfixstspn
U0701,5372665901,Activo,n1ncwkioxh6wzcxwm2vte27xr636h2pk
U0702,6175529299,Activo,q9ftchuxo64g25d3u4yrlbb7z99bzxbp
U0703,9655618082,Activo,clm5j005itv6u3wn3ig2ycwki2l4tpbx
U0704,0987863652,Activo,p73jauhwejacjssffx5wdqnb7rm0oea2
U0705,3437109982,Activo,2eoehv22x8dz7kj9qxc36qh4upuaflhp
U0706,7278677649,Activo,s4fc5fc8arq9fmeexv3py8tn74bpq9sr
U0707,2215750647,Activo,pae6zee64pwll33if83zja0tymg77tbg
U0708,9184533468,Activo,8en0ax7fx3dqr5uizr0dp506wluwty69
U0709,2738328867,Activo,scfkzsquojsj0s1r7n34ux9qcw5oexdc
U0710,4937098066,Activo,9l65xscr72zq33499n28o1f7bif4cbyz
U0711,0772705588,Activo,272lgku7vdezh5vr1yzdik3hn8dd2muh
U0712,9783580008,Activo,dusboz83u34j32ic9gapc4n7efp0ivf5
U0713,0537967604,Activo,wgsbbn60ref3gnlq9vhpq3jxde7cjcks
U0714,8849214684,Activo,hu3y7x9e6gkmfinqss9bot9egazwjaui
U0715,2049424959,Activo,7cq9uengguj5q19vzct9yycu5c7n70xj
U0716,7224925025,Activo,xjidyvrrzzzmfkbfvrevn2mkgtr7hv9p
U0717,6166298033,Activo,el1mrbaubkzfck5shsh39era0fpfrala
U0718,9396051265,Activo,wmt05w7mwu22uq4z5yvvs98c4j1u0iii
U0719,3956215211,Activo,5n1iwcgg4lfko8npspov2k39b7i8u2ri
U0720,3773320287,Activo,1p2vvedyqygz4hyhv8n5u9iw6p15rsqr
U0721,7418372749,Activo,wke2zohafhqtfcdyh9g80iyytqfclmlw
U0722,1632039790,Activo,wyrc6tr2vrr074nkcsx8gtx4dsul8r9n
U0723,7028009719,Activo,5ltvc4kfcnxizv9omp8onpns2wygkx64
U0724,8181917544,Activo,88kscdipee9ox3s1bncmgjx15zvijgtx
U0725,2950766124,Activo,aui3y9lvjz3xp2rbws8031sti67omexc
U0726,3899597265,Activo,u8ggctu0x1f5dp3t29u0b2d42dln969j
U0727,1373598913,Activo,3k7b1xpgwdz953irbij9ap6zwd2dtbvi
U0728,5455574305,Activo,fdhs55ft6smepkuks6gcy92e0hgj9938
U0729,8962714498,Activo,gh4ov5164k0rincajvoyqvevzivrkair
U0730,2758856162,Activo,l0f8rr2mmddzopmwfx3xk9frz8xvdfps
U0731,7396956107,Activo,9hfb60z8afo47ghpurqp86ebecq934ta
U0732,5018510800,Activo,yx9s2plnrywntur1x4shrt6qrdeovag8
U0733,4763334145,Activo,l43tf7nhp3s2s9f20esbrolvsf6zop2l
U0734,9934209595,Activo,kuzyeqvxyxu5ckj3fo86xd8uksdjqxno
U0735,1864638188,Activo,or29q4ama1bqi0nja0witg6va5tqf9jr
U0736,5495967311,Activo,09iz0kmu67d7zyk3olo020epmn2g2n0s
U0737,8044539427,Activo,7a5ljswsnh1kc1cmvduliufitwma151j
U0738,1838767123,Activo,8adywonv6a5vwr25go8kymncqv4s6sru
U0739,0503574080,Activo,u6afmuue72gkiefctuxr06twy81zm1w9
U0740,7240915771,Activo,21vwrdefgv6gsx9xze1nboa25w34ul35
U0741,8859370813,Activo,suwklnxhtjs0cvr5qadbtcij1dif6y6d
U0742,4878282612,Activo,np95cdlc9muzafta358rrp1vkqp6ei6d
U0743,0932525919,Activo,kak6s0oygkadfu2o2q1a3r8901tb58xj
U0744,7529464090,Activo,tmospbduvhqenvcfv1ilrwtdqhsw22v2
U0745,9667604219,Activo,gdxxlghgs9py98u3lkmkve8lw4dzb6bp
U0746,5266679203,Activo,v6hqnwtk0phlp4vj1alfykqpt3zzw1ic
U0747,2516511889,Activo,l7yp025fakgbxdqpngeagyugt4vu9ism
U0748,3276714465,Activo,kwx27nposx2l3lrnvew32cupb6pltzzx
U0749,9405209911,Activo,3ixn6spqqiwik3c3tb2bgkfr5f0ec0gr
U0750,6980333071,Activo,6qp3904jw4x6th7p06uqdmb80hr4td2h
U0751,1039881871,Activo,s8rf1hndortprax5wuknl9uta1sh2794
U0752,2159150921,Activo,l0jy6thghxtegf9fusucm4kao9u2ayz4
U0753,9574162069,Activo,ce0phmm99d170peaeuciqgpjd9zq7v9i
U0754,2011790617,Activo,zast8bpx8zil3rtxbk3q47hhvmz44eun
U0755,9204223583,Activo,qbukro8daojaduyg4t1e4a53h0miqctk
U0756,4751754851,Activo,md4ulmthjre2c6ga3i4alrri4wks9z53
U0757,9528861226,Activo,py6hxc17zrprrs2uz76ba7u8pcgbse00
U0758,8097643983,Activo,datf2zlt8i68pt73bovsfp4je7wd5ys0
U0759,8746155205,Activo,3el75pxxzibj9hg1bno2x7zajubmuuzh
U0760,5426207717,Activo,81rhfls2dyb6cjz2srixxmt0a7xd8s56
U0761,4206240418,Activo,mm6dzhjl8wmy386myfnlmnqcw64yzo83
U0762,7049164395,Activo,4ndad3kbpwezjfuhf8qclesehn81ljy5
U0763,1552381710,Activo,8m71g8ukjzuf8s84re5rokikp4j06ugd
U0764,8259606507,Activo,xoph069yc3wbbvb98xipapy8gsc71gwf
U0765,4866472306,Activo,6nhnw70uyxx28gysw4s4ygehjbv7jc7o
U0766,2199034251,Activo,bpejbbcdviqoaoyc7bd0rw1o4tghqwnr
U0767,6972022998,Activo,lyvf2m2ammlssyutzqtfyxps37hxkune
U0768,1203930549,Activo,n826wo6ncw9xn048jeekr7j9a5q19fnb
U0769,4664958787,Activo,rjylorjk25zd72o7d7q4r39ghswztm89
U0770,5492715001,Activo,p51osp3jvquir3xbhjxs53itbu8sbpq8
U0771,3109581886,Activo,i7f5cmn12cqrx7lzv0s6zrzznzpha3gn
U0772,4965223582,Activo,9q9rhzx4i9jawprgtzhvm5ehpvfnzm9n
U0773,5833074472,Activo,up9bi5gwle1ryvk7a6le3f8kxz7ao1g3
U0774,5331533616,Activo,3ioi405kcfmrgvl3cn5cqyjm124444f6
U0775,6470413824,Activo,1f6x645bn6urn1kc58hd5ktk8pa3lqjn
U0776,0237302793,Activo,pfoe4r4axb81hnydmpprcutv6gbagcho
U0777,9771161014,Activo,usdnqunvjus91znr0xkosj6d73vjv831
U0778,6949483158,Activo,k9u5vuly13iqxdvju288llwbnekbup6n
U0779,6120619042,Activo,uk9dplp3dy27l5nobat05mix0fs9i7x9
U0780,8153864093,Activo,7b2j9ur5oc4kh74kcwtq1kfsq3f4s181
U0781,9857603232,Activo,j1h3m1h1it14uk0jt4nhbp4kb88h5mw1
U0782,2208818165,Activo,4dv10ynl8otcg45g2dsv2ggvr55cm6e4
U0783,8801059606,Activo,cuabpxvfgswl3adampxp9bjoy41ikntp
U0784,8121130510,Activo,7kf1xhdv80wkv6tbeuxhdnw772y9gp3n
U0785,1754174285,Activo,zperg393d0m42xiu5nxlz77u1i6s8jlv
U0786,1851835499,Activo,e5h9tzz8vshfkiffu6edbrga5t0cszf2
U0787,1942195666,Activo,l8czkstkeyrxqq2661vle1p1wsoq354a
U0788,8417831670,Activo,b4vjnl9vlpu6zw1p40nlraa98gg5gbv3
U0789,3410386497,Activo,ydi5qp1gr5a2d0s008uz0nvij68tbliz
U0790,3713674501,Activo,mxaxmdiqn7pbjdtf4umnsos1kytvcztv
U0791,5070286371,Activo,m40o8ei6mgte1pjwquc3qj6ijzb6t41t
U0792,4773093173,Activo,47nwhpikjungvk3ok4r341xip77c23pw
U0793,3700210233,Activo,b102g23ywxt11mooz8ubya1kds1y7dju
U0794,4375784314,Activo,8e84cmebvwnkha87m88jh5ae8hbqwkyf
U0795,3536745029,Activo,agu35x48dvxavgw4o01rwdhm6hhgp0bs
U0796,3495407531,Activo,a8by0vzyl5j3v3olqwdeegjzkjvuxv9u
U0797,2286338166,Activo,49b6debfv09sgzhsa4qu4pbmbna64wg6
U0798,3718925829,Activo,knz2lsb9bw37mq994s800ot49rm9s5m3
U0799,0338617974,Activo,b41lhkzw1u2psm5gptf1d7o9vvtf9dgp
U0800,3714745501,Activo,k1i2a71p3gays6s3tsg32y053tz65sxu
U0801,1122661567,Activo,r7c4am0yu7trm69ta93bqq0g20v45exb
U0802,0092095660,Activo,inng01blueby6be2l2f11s2e9ee7svmy
U0803,1410856407,Activo,p0xq8xrbqj3hrrgz86ipd3bwkdhyo306
U0804,8415283476,Activo,iyrl144x5rzwe692k1qxcf0tci5ewxzk
U0805,2756645239,Activo,h80g1aj6i11c01hhqd32j59aky3yf06a
U0806,5381865504,Activo,0m8vdijxs2ug7uwuq7knsxqdbj6ifbxe
U0807,1794163106,Activo,2eo2jxhxqpkczrca8eu45805uer2yzl7
U0808,7829919480,Activo,ogfsdh69uxcpb7enlg8yvba5j84iybru
U0809,4781332465,Activo,p2qf04zuucky881ca4nmy8ufb4e809du
U0810,2333080361,Activo,fhepoobkqiezpbfk70u59kj7t3ml7pqu
U0811,4410129002,Activo,ira2a8xvo9dol1g09m9d5t2o6jz7bqw2
U0812,3331657237,Activo,bscmzjv0cioz8t6nllkyvlxhwzosmpnm
U0813,3142278524,Activo,loelmuad4rfymrel86mwoc6st0iofsiv
U0814,0962236202,Activo,7wkdb504s0g0is38din3a8075mrklxkc
U0815,3670670361,Activo,5xgrpj1suo0wjfn7aan4xv62ptoblezk
U0816,0123435211,Activo,ufesf4lpl08jd9qwn64f3rz0tuii5jv0
U0817,4416507644,Activo,jxjb1606425yhgnw2wlv0sbn0v51yhbl
U0818,7648383034,Activo,eu4pri94ywea3ak08ukm1amnawp797pg
U0819,1151812805,Activo,p6ft295hm45z2hv4rwjsyxjgcuo0arb1
U0820,0159851385,Activo,ozucvid7qc7507u81mfuuduh5b3ryntp
U0821,8879542320,Activo,0cur671qembz59vvrgzewmismt0wmjyo
U0822,9115892686,Activo,g2osuiao9lpdgbdc5vl2ta88fzacgdat
U0823,2970391785,Activo,hx5d8jid15hhji7phr9ajhdn26av63a7
U0824,4705982465,Activo,4y6a2mu04lv5u61jlmygsip3w05lfmqh
U0825,9847476536,Activo,t90q0zqbv5lg0ivvc141vd8d2i5qki5e
U0826,1591874305,Activo,z657woro3r2z2il378epz7c4654pokct
U0827,9465513926,Activo,jay9dmotqups5wt904uce2xt1z3oavzu
U0828,3695656454,Activo,ensmeg1512mw9sdbogvbeouanw9r7dw5
U0829,4974319160,Activo,yilz4yix6vgjju7lcw37g7g20n4bjhhq
U0830,8804834725,Activo,cpsco5ksx0flse7e1b2j4a5magtyhmro
U0831,7700095309,Activo,zldaji1juykh85r8ghr3jer1voqat7bl
U0832,6916516160,Activo,zc24b23a62a44sp2nn38jlhew46he6mz
U0833,4305202824,Activo,0ptzgu5a0yxaivkv63zp5d326629sglg
U0834,7603976017,Activo,bo2rquvli9b8n3cm2sblxcbut3rjrkrn
U0835,3672797783,Activo,rgowrcjmiwpyk6au9nfbib0flzdnnhw3
U0836,7270937572,Activo,4b1vaywlpgkzyhtyn2rycvarinm5x8tc
U0837,1557742898,Activo,e5qdxe7b4ftvv5d9664znjj6ud5ms0lr
U0838,0279972342,Activo,wn62hvxnmtyva2av68iobla7lfp1uaxu
U0839,9942382698,Activo,npgkr88yynpijwovzimj742ey88g8u7m
U0840,7774047773,Activo,2raq94gjbd2se09kd129x2q55tgxx4p1
U0841,7753796412,Activo,5g2wfb47m9lphc2vtazxdburxk49k2zy
U0842,6395775746,Activo,x80o4jx72q3g0y7vbfk9j50anr2e4glv
U0843,6623635189,Activo,frykjf620xd3pqhhwgsbhvdq7qyakuzg
U0844,9175042024,Activo,cwj59bbc840xi06cyxy78lkx026c4qui
U0845,6032057054,Activo,tv452msbeks56cliu9ukh0c7m79psiu4
U0846,2326634153,Activo,vrgcep8o3fmyl5f01f7w00kyxo68svg0
U0847,2158240736,Activo,nre87o70yfyued05nma7svrgaple4hpu
U0848,0361479590,Activo,oq4fybesjslf6qewezo935uzgds8tvlz
U0849,3192091954,Activo,o0iu0hjsrc0edy91a3n4kfk2rqzykhki
U0850,0896124330,Activo,rd233siwf8itw3qdddvqsev4msupny3g
U0851,2581505008,Activo,gqqtsqd0ycjkxstbfk0zfuatrdxavlis
U0852,4703381994,Activo,v46z66zc2bwpvkvztjuuctq0cd3d3qgu
U0853,4368481389,Activo,2eaoulw0gcd68v3tbuhkxq488gp1a9b4
U0854,7421140207,Activo,mvbwpotogliqkcmfyf8duqrus9oqa8ek
U0855,7236551930,Activo,ffuw7kwpbv1mqpw2s2higukduv195q6u
U0856,8631506711,Activo,iwxvsntnojgvf01s0drom70kbq1tk3o6
U0857,6267934936,Activo,hic0p84h9a4v3plhmqbntlooic4hnfv1
U0858,9786495475,Activo,90j3vqruv1rcwz0br58gy8dphhgovbd9
U0859,6329357488,Activo,ko7hxyhdl2k3czdvmoub1ph75h89llsm
U0860,4601103186,Activo,fbc2l67ap4g3dq6smyw5mvz1wzuprxik
U0861,0420568902,Activo,a74mmnvabi7365uth4xtz4r41b1kc3vw
U0862,4391693931,Activo,cp7p7aai02e2ixbdav9nrhntdrdl4u04
U0863,2885157820,Activo,m5ser2w5yi2wha0m5p96j8yd2gjemkrq
U0864,4742492057,Activo,jqgm8d6nbdz2du61w3jwbu485zxojhld
U0865,7017992657,Activo,vbxcg5uaksgt2hixl6qlj64egvhnupke
U0866,2509184075,Activo,a0z6ywketx5lml2dw9irciw09fpiai0m
U0867,3795197740,Activo,n53utcwpjq0bo4hk0yyi40575v2rf47s
U0868,3618170575,Activo,skmxw0gr2dxvyq4t7coxnpgm3mukt685
U0869,9706457567,Activo,pyih8avh5x5npsfnl5vs7kh06l0rkwt8
U0870,4435620748,Activo,3lxx4lwew2tb2nozjo2ra2mmkk2y33fw
U0871,1026095220,Activo,3zge2viecpyqmvpinspjasa1m3ae25o2
U0872,2987109735,Activo,arppgg4of6a08o31t6le08yf8v3nfidp
U0873,9685579866,Activo,kly6ke355jac33zq4uigdeuztzf9frf9
U0874,1770991264,Activo,875odapnidwu9fkwxsjq2y1s71902e7k
U0875,8552677577,Activo,yki6xrjfwgp4nsnb8woomd5gs2yhmeh4
U0876,6632630739,Activo,d716alu2wkm7ip2ictopbra2gf0jyauy
U0877,8586471341,Activo,sgco75etvsnd445ykxf7uiyjf0rskcjb
U0878,9210541893,Activo,d63k1xtqg7j4ayr28eo59kxqet4ji809
U0879,5317865133,Activo,l00sdsgdx7tjgz5xza0rv0agm9l8dgwc
U0880,9099459662,Activo,rvpox98jo4bzdzadcynlamfio07ykh5j
U0881,8183623684,Activo,4zp9g3a6krz9f7ilvmqb9a43rji0yh45
U0882,2262415755,Activo,lh6r83frs0rbgtr980ppo4vf469knotw
U0883,3417747346,Activo,9v96mlziihb0o7plji69li6iihofmvfd
U0884,0673757648,Activo,02zjb5z6qtkzuhbwbsvo1cwj1ie3bcs9
U0885,5360368917,Activo,cskldozxvmkstfdgi6y8iojujfcjfnhe
U0886,3549942122,Activo,yplfpd8grs6ctv7eaj7wtxnwq4txa10q
U0887,2632440141,Activo,zvkd9rizwmdaomk4hy5r9t8atd3kcvub
U0888,5566403245,Activo,scw3rkiu1h4ev246iw304c4t9dlmooet
U0889,6304141845,Activo,bh7d1k0836z5kkyxywtg59ju76hm74ce
U0890,7826544262,Activo,l0y7m1g1c7yiyhhr98ao7yh4acojezzl
U0891,9985540393,Activo,pmc8ccbjqtgf16fod7enbi0l3cgmkoxu
U0892,0592543521,Activo,9h4v3d63oxpj5ckdmb7u9iid0zdlqiyj
U0893,3147123949,Activo,gk1ulklmquwb31a7mo8vslnrr0fokj4n
U0894,7557245155,Activo,tw4fkyn7qfuomtgcmb80szpvpz0c2iep
U0895,3406923761,Activo,k31lzmrcamuimsxnygopj9a44z0kk8l3
U0896,1138725647,Activo,hl7erbmv88sri8l9x9y2qwd815ifnfqr
U0897,5963209159,Activo,1quox0sz9jy0b6xvrhaib1r5zx5v4evj
U0898,8989099467,Activo,57x947h18jmca5xclprmtsd1q56sqxhl
U0899,5957488434,Activo,v0ysttjq18ejqpbdl86t1vd1pfy41rnh
U0900,6459013303,Activo,veahodzw39ogmwa8v24i6mr19two22r1
U0901,9188342731,Activo,rh5ssehp9358a7gld76ua02p1mrux6il
U0902,4796583903,Activo,nh5kl44etlyqh5vn8ylc3kwanicxkjoy
U0903,6092986442,Activo,eej7jnauxxy59govcju7pxnk3muqhwcq
U0904,2076677721,Activo,gb6d2c3oqu03zdpv056fbpqu6qmw1i1d
U0905,8338181739,Activo,5mfbjr5k3j2j0g7k4uhl2r7ess75ccjm
U0906,1474403359,Activo,g561tqzbyvmdu7ujs6v89lbtfalzhr3h
U0907,2718846384,Activo,78svudeeb64pwx6j7l2nja9iaxn4i6oo
U0908,9597997830,Activo,he9h8hoyoj63ljoqp8mobwquvz1y4e89
U0909,3720407181,Activo,0srgb5tj8nzgd8auu0r1o2kjaddatj0n
U0910,4272245935,Activo,s61l40yuz1myr6xt3mm0co0osyjsdebc
U0911,8583436495,Activo,1kgoiozerwgyl0ingam6w39bzauieqo7
U0912,2853251109,Activo,d0s1yxejr6pypg20vs02id342fq4kacj
U0913,9575954346,Activo,xt7pbwlulm1a26f8795u5d6cywz8fh4y
U0914,3719550326,Activo,sngzlpqgnewsw35g5hlcy927u1oet2nv
U0915,2668644210,Activo,1flgfa7iffxczqbpaluac13vj6l8z6oz
U0916,6636286188,Activo,27gyn5dnx1dxe1ajtwldvt6r413nr6tk
U0917,0245561792,Activo,alanoaolztzypggliwsmieqskcgfzibi
U0918,7206360766,Activo,79xaqpu2avl5d9de96zmatbyn3rwx263
U0919,5412243044,Activo,hpqb4jbm6y06y0994elqi6jmgy0jff9w
U0920,4327948416,Activo,pc1gnxx4qhpw0ri2t5cwk4eqttbx5pnh
U0921,2362136110,Activo,603bb3peizbskno6wesqijtzussnrbp7
U0922,4566757027,Activo,xkcdo6vm74a1l4sz49n11g7t63wu9pm3
U0923,0124887563,Activo,l67q0w5z8rrrwi7jjpce02d8kf08gx7b
U0924,1742802739,Activo,b0fqgi9hj5nnmgi62s9y3f2s4xgjspty
U0925,1331260087,Activo,3jhkd93z3c3wah7bj2wyh6pd6box3xwp
U0926,3234188472,Activo,zkxy6lyg9gyoqeo1tsi5nw11xfrls5f0
U0927,0337175869,Activo,mth6cejstkr1rvacpp1rpcm8ckjknqd5
U0928,3890692206,Activo,pbdcxq3jg5la2ogri1axco9zfxh0n9mk
U0929,7952081899,Activo,4gluq11l1uylru895pmngwqnxkp68cof
U0930,9773596036,Activo,mcnone1z2xyp9evpp8ix5fkv0t68tjmy
U0931,3529526364,Activo,6t11ul4u0fsor6s34n8dxli0eh0r8ztc
U0932,2661607987,Activo,d6etsqklqutyfkyx7eijp6zq52gev9tf
U0933,3376387349,Activo,0gaeyaxbv1sm0o1rw9qesttj60bsxro7
U0934,3177305331,Activo,wvgkvl9kr2fn2e7fl7kxnaszj4k4054f
U0935,2181210580,Activo,nonvst7rg7chcwd2cy8afn18uj4j28bv
U0936,6146501830,Activo,x1973v0hlztw2egtkf5z688n32qbz3vz
U0937,3795030092,Activo,qytwd4zmibu0aculpxzwrc113sj6mk99
U0938,8493216512,Activo,ga92hxb2edbvjp7bpqaiu20gedop4oht
U0939,0698052902,Activo,osapcaqzg2bwxwrzfbcsyx3hudw4b0rk
U0940,9953409594,Activo,tzn74ph8zuu9ye5asbssoenrixj09zvm
U0941,1833858258,Activo,c5kuncjpgy320izey9tazkpzkmtnmsop
U0942,2749707329,Activo,jkucw3o15qsrj3cbdqz4af0zs2et61k2
U0943,7639246034,Activo,0h3pizmgaeo9bitn47zkzbvqq4sqxv77
U0944,4011233246,Activo,90p3gl9vfpqv9bz11vyreikv4qgukh75
U0945,7078880839,Activo,7fzq7fmioat6wy3puh1sm6vb6fln3hii
U0946,5337280493,Activo,xtiutimxntc2fb12nxa77j67l31oj6nu
U0947,2209119490,Activo,3eh82voz2a65o24t63ki5rs7qykn1os4
U0948,5641424630,Activo,jg12h7xaa809in1a2qrgzgnuj8grvj3y
U0949,0084695374,Activo,f3mglpa411b3ef2pn2x7eupbzhxuhkq5
U0950,0128050357,Activo,ipqh8lo4ajp07qysljbuqz0otsxl99ox
U0951,0990000282,Activo,bmb6tm968bz9atj2sogi61tqsyv86u7q
U0952,7259532979,Activo,r01c648tditiluija93pjw0qoj7a7d1i
U0953,1761710740,Activo,jstse18aaoslcrawjugjs7d2p1o6ucsi
U0954,2148143687,Activo,vm4wpi8cxexhlmjdj0lgj20kml22wy2d
U0955,6171414937,Activo,t5xd3bibglaflqro6wx7iizl6nkcl6x8
U0956,0851136872,Activo,713bcdflyegfnsftf54wfd5go712eub2
U0957,4723659870,Activo,3j12qkyk4dkw3n81zpb3admfom54v30q
U0958,9938415518,Activo,8p4zpmjm8224bwplxndbp7v4fyj3i1yq
U0959,3443679771,Activo,o5tj2ml04y12ycsb1yf03ja7w5z3bmmp
U0960,2451371399,Activo,z9koti25o3ymrtz5wxy5whcpwkic15h6
U0961,6331945052,Activo,ho7w5sz33b83ht18gmn7imcvxcr15oip
U0962,6105776886,Activo,8lcwfz491vmbgz1buorsasvoo2wjscfi
U0963,7988440732,Activo,ayrp4y269dhijrmqgfjxjiqgvim034aq
U0964,0716171205,Activo,3abvytw9yyo5quuz5ourechal61hbkad
U0965,7141906869,Activo,n5tdhmqy9dc1iu9zbnl9sibj4ls5979n
U0966,5901132480,Activo,8zugwce10aswo9nu0gvdyyqdw6spti10
U0967,9812517800,Activo,s86dte2dalkex4b9s2d4sfq2ef3hh8nd
U0968,5452325533,Activo,368dwpknl2u35laonzybbhjydy92hhmf
U0969,3364915843,Activo,qj72rzcouf9e75hrid6m5mr3d0ili72p
U0970,5129349028,Activo,qh6tokj08mxn00owosme1gsfijq5128k
U0971,0978926975,Activo,ys1ep877fgr8zjfocdxoib9oq5ld72ov
U0972,4840697235,Activo,e1y3vo7yj0o7smbcb6ty5gty4ptuz3bx
U0973,0902872560,Activo,9qbuocrimlj583wjvsofgsbant35juje
U0974,3285535484,Activo,tsvgf3o3609fyya94svm9eqjqzkyhye0
U0975,7691185179,Activo,w34595iwki471r4pu9mj1y8nt6jcrghu
U0976,5433962468,Activo,6n1q6iq0zbxbffptjg5rztutx4lqwpaz
U0977,4044934116,Activo,ndmbielvyrhyuph2zz014xfdrvg4z9yq
U0978,7756454448,Activo,10pj4sclt6ba6h6n15a71ymuwt25gnvl
U0979,5854478485,Activo,w9twxubj5qvygn3nnfgs94r60omo3cpk
U0980,7117670776,Activo,jp7l6xj44qkijuky4476t2xrhzw25pse
U0981,8923486211,Activo,0th9yqsz82n0k6pydhf9srbnge7iufg5
U0982,7179581056,Activo,fqiz8n5ouuylruq323az7dza4zlxgju5
U0983,4831750939,Activo,6p1zwxg5bfadp2410fu1j6greprvhgqr
U0984,5481051872,Activo,kvxndk27td3kvqgjn1846awyxi27cp5g
U0985,2361876408,Activo,8f79vmd2gkpjvqli4ehsdejihe8e9kq0
U0986,5603039947,Activo,9vo8eyalqit9wwqttm9hp6awfhgu6hvz
U0987,7821272416,Activo,p5ndolxiw7x7hc2sq1qchmahx5yolae6
U0988,5299457469,Activo,jk7r2e2mba1hmhu4zwce8i88ikwev1ns
U0989,8454940999,Activo,38irovafxsjjyvzzj7nicko4s95ck2ew
U0990,2647118161,Activo,8w15nxmswjsso2ek8e0t4f2op7j88t4s
U0991,1866303151,Activo,k9g8redb19634stf0hulaxyxbdjdjzav
U0992,2028461609,Activo,prnwr4mwkwahl713zatqgiz5k68y4o8w
U0993,2788815084,Activo,x1uxs7bn87hlvd666k5joxemu6ef88d6
U0994,5819476847,Activo,vd5t6t5cpbzsgzb972pqq5seek3crobe
U0995,7892770036,Activo,b0gt3tyrg9dq2uulw89qzldqxesxbh86
U0996,7938510577,Activo,z1cygx45lh7rkvlrarndd0lw0y3ggkqr
U0997,3055669412,Activo,o6pu3o8uofg68hjgurmujpldmxg8d1xu
U0998,5699576575,Activo,xkcd8mt1ojy0bqf49uiso4p0di8jjxpi
U0999,7475330159,Activo,hnhvxh6grxvneg3os1v7lw1a3t21aixf
U1000,2900188427,Activo,9oaa2vkhs3gs3768mstc8zyotyelzs2p
